{
  "bias": 0.0,
  "weights": {
    "mom_7d": 2.4394548880924e-18,
    "mom_21d": 2.4394548880924e-18,
    "mom_accel": 2.4394548880924e-18,
    "breakout_strength": 2.4394548880924e-18,
    "volume_surge": 2.4394548880924e-18,
    "rsi_pullback": 2.4394548880924e-18,
    "trend_quality": 2.4394548880924e-18,
    "rv_21d_inv": 2.4394548880924e-18,
    "breadth": 4.5276282722994066e-20,
    "btc_beta": 4.5276282722994066e-20
  }
}